campaign_id,date,campaign_name,channel,impressions,clicks,conversions,spend,revenue,ctr,conversion_rate,cpc,cpa,roas,profit,quality_score,quality_tier,missing_data_flag,has_anomaly,anomaly_impossible_clicks,anomaly_impossible_conversions,anomaly_spend_outlier
1001,2024-09-02,Back To School,Instagram,47617.0,607.0,67.0,1854.2342189605483,,1.2747548144570215,11.037891268533773,3.054751596310623,27.675137596426094,,,80,Fair,True,False,False,False,False
1002,2024-08-29,Holiday Promo,LinkedIn,17779.0,1370.0,178.0,742.0651214023052,34292.79478392657,7.705720231734069,12.992700729927007,0.5416533732863541,4.168905176417445,46.21264872161399,33550.72966252427,100,Good,False,False,False,False,False
1003,2024-09-12,Flash Sale,Email,17850.0,303.0,24.0,700.73,1302.8966171215184,1.6974789915966386,7.920792079207921,2.3126402640264025,29.197083333333335,1.8593418536690571,602.1666171215184,100,Good,False,False,False,False,False
1004,2024-09-03,Summer Sale,Email,22204.0,511.0,25.0,1285.83,4608.43,2.301387137452711,4.892367906066536,2.5163013698630134,51.4332,3.584011883374941,3322.6000000000004,100,Good,False,False,False,False,False
1005,2024-08-21,Summer Sale,Google Ads,30899.0,346.0,41.0,1623.48,,1.119777339072462,11.849710982658959,4.692138728323699,39.597073170731704,,,80,Fair,True,False,False,False,False
1006,2024-10-22,Holiday Promo,Google Ads,,870.0,94.0,928.47,3031.9740793346673,,10.804597701149426,1.067206896551724,9.877340425531916,3.2655595542501827,2103.504079334667,80,Fair,True,False,False,False,False
1007,2024-10-24,Summer Sale,Email,29831.0,,127.0,1508.3496279798455,4562.74,,,,11.876768724250752,3.0249883152826733,3054.3903720201542,80,Fair,True,False,False,False,False
1008,2024-10-07,Flash Sale,Email,20978.0,590.0,40.0,1201.08,3022.83,2.8124702068834018,6.779661016949152,2.035728813559322,30.026999999999997,2.5167599160755323,1821.75,100,Good,False,False,False,False,False
1009,2024-09-27,Backtoschool,Instagram,31306.0,813.0,34.0,1965.23,4006.16,2.596946272280074,4.182041820418204,2.4172570725707256,57.80088235294118,2.038519664364985,2040.9299999999998,100,Good,False,False,False,False,False
1010,2024-09-14,Holiday Promo,Email,11136.0,,61.0,1738.8245845257964,2298.917609001184,,,,28.50532105779994,1.3221101366174515,560.0930244753874,80,Fair,True,False,False,False,False
1011,2024-10-06,Holiday Promo,Facebook,9152.0,563.0,24.0,1149.73,4150.1,6.151660839160839,4.262877442273535,2.0421492007104796,47.90541666666667,3.6096300870639197,3000.3700000000003,100,Good,False,False,False,False,False
1012,2024-09-02,Back To School,Email,18320.0,422.0,0.0,732.74,2031.5,2.3034934497816595,0.0,1.7363507109004739,,2.772470453366815,1298.76,80,Fair,True,False,False,False,False
1013,2024-10-02,Holiday Promo,Email,12053.0,319.0,13.0,413.33,2240.85,2.64664398904837,4.075235109717868,1.295705329153605,31.794615384615383,5.421455011733966,1827.52,100,Good,False,False,False,False,False
1014,2024-11-05,Backtoschool,Google Ads,47714.0,,100.0,1096.14,9439.97,,,,10.961400000000001,8.612011239440216,8343.83,80,Fair,True,False,False,False,False
1015,2024-10-09,Summer Sale,Facebook,,1626.0,100.0,1208.07,9276.918185668233,,6.150061500615006,0.742970479704797,12.0807,7.6791230521975,8068.848185668234,80,Fair,True,False,False,False,False
1016,2024-11-05,Flashsale,Google Ads,14051.0,1104.0,109.0,1291.46,13550.73,7.857092021920148,9.873188405797102,1.1698007246376811,11.848256880733945,10.492566552583897,12259.27,100,Good,False,False,False,False,False
1017,2024-10-30,New Product Launch,Instagram,11554.0,913.0,90.0,512.59,4257.27,7.902025272632854,9.857612267250822,0.561434830230011,5.695444444444445,8.305409781696873,3744.6800000000003,100,Good,False,False,False,False,False
1018,2024-11-05,Holiday Promo,Email,34561.0,954.0,61.0,,11250.63,2.7603367958103067,6.39412997903564,,,,,80,Fair,True,False,False,False,False
1019,2024-09-13,Back To School,Instagram,17371.0,237.0,7.0,123.31,780.94,1.3643428703010765,2.9535864978902953,0.520295358649789,17.615714285714287,6.333144108344822,657.6300000000001,100,Good,False,False,False,False,False
1020,2024-10-20,Backtoschool,Email,25762.0,793.0,74.0,,10568.983260262114,3.0781771601583725,9.331651954602775,,,,,80,Fair,True,False,False,False,False
1021,2024-09-16,Backtoschool,Facebook,33307.0,1670.0,170.0,924.4687678577236,,5.013961029213078,10.179640718562874,0.5535741124896548,5.4380515756336685,,,80,Fair,True,False,False,False,False
1022,2024-10-02,New Product Launch,Facebook,,671.0,69.0,807.12,4760.80036711906,,10.283159463487332,1.2028614008941878,11.697391304347827,5.898503775298667,3953.68036711906,80,Fair,True,False,False,False,False
1023,2024-10-25,Summer Sale,Facebook,34307.0,,77.0,1973.1109517352256,11448.94,,,,25.62481755500293,5.802481603952066,9475.829048264775,80,Fair,True,False,False,False,False
1024,2024-10-21,Holiday Promo,Instagram,15596.0,532.0,64.0,757.38,11288.42,3.4111310592459607,12.030075187969924,1.4236466165413533,11.8340625,14.904565739787161,10531.04,100,Good,False,False,False,False,False
1025,2024-09-21,New Product Launch,Google Ads,22556.0,998.0,147.0,522.0077794474258,21206.67,4.424543358751552,14.729458917835672,0.5230538872218695,3.5510733295743253,40.625199154021104,20684.66222055257,100,Good,False,False,False,False,False
1026,2024-08-14,Back To School,LinkedIn,41111.0,2001.0,117.0,868.57,8605.956108093771,4.867310452190411,5.847076461769116,0.43406796601699155,7.423675213675214,9.908189447130077,7737.386108093771,100,Good,False,False,False,False,False
1027,2024-09-23,Summer Sale,Email,13875.0,339.0,7.0,316.93,1281.02,2.4432432432432436,2.0648967551622417,0.9348967551622419,45.27571428571429,4.041965102704067,964.0899999999999,100,Good,False,False,False,False,False
1028,2024-11-06,New Product Launch,Google Ads,36735.0,2442.0,363.0,854.6044699772816,33847.23607427265,6.6476112699060845,14.864864864864865,0.34996088041657725,2.3542822864387922,39.605732550372025,32992.63160429537,100,Good,False,False,False,False,False
1029,2024-09-16,Summer Sale,Instagram,22508.0,768.0,50.0,112.02,6164.08,3.412120135063089,6.510416666666667,0.14585937499999999,2.2403999999999997,55.02660239242992,6052.0599999999995,100,Good,False,False,False,False,False
1030,2024-10-24,New Product Launch,Google Ads,1481.0,79.0,6.0,721.55,538.5709643569032,5.334233625928427,7.59493670886076,9.133544303797468,120.25833333333333,0.7464083769065252,-182.97903564309672,100,Good,False,False,False,False,False
1031,2024-10-09,Backtoschool,Facebook,46714.0,,280.0,135.02735492114581,55740.6,,,,0.4822405532898065,412.8096861006555,55605.57264507885,80,Fair,True,False,False,False,False
1032,2024-10-02,New Product Launch,Facebook,30703.0,671.0,69.0,807.1233487802507,4760.8,2.1854541901442857,10.283159463487332,1.2028663916248148,11.697439837394938,5.8984788473715515,3953.6766512197496,100,Good,False,False,False,False,False
1033,2024-08-19,Summer Sale,Instagram,23556.0,375.0,55.0,779.8280517244347,5115.5,1.5919510952623537,14.666666666666666,2.079541471265159,14.178691849535175,6.55977941379268,4335.671948275565,100,Good,False,False,False,False,False
1034,2024-08-29,Flash Sale,Instagram,36435.0,671.0,20.0,1407.76,1755.574876811425,1.8416357897625908,2.9806259314456036,2.0980029806259313,70.388,1.2470697255295113,347.81487681142494,100,Good,False,False,False,False,False
1035,2024-10-01,Flash Sale,Instagram,38443.0,1945.0,62.0,50000.0,4659.42,5.059438649429024,3.1876606683804627,25.70694087403599,806.4516129032259,0.0931884,-45340.58,70,Fair,False,True,False,False,True
1036,2024-08-19,Flash Sale,Google Ads,35911.0,1215.0,171.0,,17600.856375791784,3.383364428726574,14.074074074074074,,,,,80,Fair,True,False,False,False,False
1037,2024-10-13,New Product Launch,Instagram,,3854.0,310.0,1764.1893864448566,9571.15,,8.043591074208614,0.45775541942004583,5.690933504660828,5.425239531277027,7806.960613555143,80,Fair,True,False,False,False,False
1038,2024-11-06,Holiday Promo,LinkedIn,,595.0,46.0,487.98,4918.08,,7.73109243697479,0.8201344537815126,10.608260869565218,10.078445837944178,4430.1,80,Fair,True,False,False,False,False
1039,2024-08-17,Holiday Promo,Email,49984.0,3952.0,475.0,437.5,14695.91,7.906530089628681,12.01923076923077,0.11070344129554656,0.9210526315789473,33.59065142857143,14258.41,100,Good,False,False,False,False,False
1040,2024-11-06,New Product Launch,Facebook,25917.0,,,1029.28,8004.142629608854,,,,,7.77644822556433,6974.862629608854,80,Fair,True,False,False,False,False
1041,2024-09-13,New Product Launch,Facebook,18586.0,621.0,23.0,1598.35,3114.48,3.341224577639083,3.7037037037037033,2.573832528180354,69.49347826086957,1.948559451934808,1516.13,100,Good,False,False,False,False,False
1042,2024-09-29,Summer Sale,Email,16317.0,527.0,0.0,1777.656609060565,7138.93,3.2297603726175157,0.0,3.3731624460352276,,4.015921839804988,5361.273390939436,80,Fair,True,False,False,False,False
1043,2024-10-07,Backtoschool,Email,35699.0,1378.0,58.0,355.05,4207.39497590291,3.8600521022997847,4.2089985486211905,0.257656023222061,6.121551724137931,11.85014779862811,3852.34497590291,100,Good,False,False,False,False,False
1044,2024-10-29,Holiday Promo,Email,2252.0,120.0,13.0,465.28,691.3809610467612,5.328596802841918,10.833333333333334,3.877333333333333,35.79076923076923,1.4859460132538713,226.1009610467612,100,Good,False,False,False,False,False
1045,2024-09-16,Holiday Promo,Facebook,42401.0,,,1382.21,57745.34802769475,,,,,41.77755046461446,56363.13802769475,80,Fair,True,False,False,False,False
1046,2024-11-09,Back To School,Instagram,29178.0,518.0,43.0,72.14,4715.91,1.7753101651929535,8.301158301158301,0.13926640926640926,1.6776744186046513,65.3716384807319,4643.7699999999995,100,Good,False,False,False,False,False
1047,2024-08-31,New Product Launch,Google Ads,7295.0,279.0,37.0,1709.31,,3.8245373543522962,13.261648745519713,6.126559139784946,46.19756756756757,,,80,Fair,True,False,False,False,False
1048,2024-11-09,Summer Sale,LinkedIn,16934.0,442.0,56.0,284.66,2126.92,2.6101334593126255,12.669683257918551,0.644027149321267,5.083214285714286,7.4717909084521885,1842.26,100,Good,False,False,False,False,False
1049,2024-09-16,Backtoschool,Email,41757.0,509.0,65.0,,6316.410107820049,1.218957300572359,12.770137524557956,,,,,80,Fair,True,False,False,False,False
1050,2024-09-12,Holiday Promo,LinkedIn,39304.0,,102.0,584.22,6780.98,,,,5.727647058823529,11.606894662969427,6196.759999999999,80,Fair,True,False,False,False,False
1051,2024-09-01,Flash Sale,Facebook,8994.0,,25.0,,2295.4258101119995,,,,,,,80,Fair,True,False,False,False,False
1052,2024-11-07,Flash Sale,Facebook,6539.0,476.0,47.0,67.9342506524278,2220.7576274995963,7.27940051995718,9.873949579831933,0.14271901397568867,1.4454095883495277,32.68980825094641,2152.8233768471687,100,Good,False,False,False,False,False
1053,2024-11-06,Summer Sale,Google Ads,35121.0,2687.0,364.0,938.53,49293.81,7.650693317388457,13.546706363974693,0.3492854484555266,2.578379120879121,52.5223594344347,48355.28,100,Good,False,False,False,False,False
1054,2024-09-10,Summer Sale,Facebook,1189.0,19.0,0.0,795.8008829709673,197.15,1.59798149705635,0.0,41.88425699847196,,0.24773785028232057,-598.6508829709674,80,Fair,True,False,False,False,False
1055,2024-10-16,Summer Sale,Facebook,46936.0,,40.0,1799.570728008987,7322.84,,,,44.98926820022468,4.0692148888762265,5523.269271991013,80,Fair,True,False,False,False,False
1056,2024-09-19,Back To School,Google Ads,19755.0,1196.0,135.0,1300.24,19976.116800519947,6.054163502910655,11.2876254180602,1.0871571906354516,9.631407407407407,15.363407371346787,18675.876800519945,100,Good,False,False,False,False,False
1057,2024-10-03,Flashsale,LinkedIn,4373.0,49.0,1.0,1381.86,42.1,1.1205122341641893,2.0408163265306123,28.201224489795916,1381.86,0.030466183260243442,-1339.76,100,Good,False,False,False,False,False
1058,2024-09-08,Flash Sale,LinkedIn,26471.0,1443.0,179.0,1370.48,22817.55907807693,5.451248536133883,12.404712404712406,0.9497435897435897,7.656312849162012,16.64931927359533,21447.07907807693,100,Good,False,False,False,False,False
1060,2024-11-06,Summer Sale,Google Ads,35121.0,2687.0,364.0,938.5306679321402,49293.81,7.650693317388457,13.546706363974693,0.3492856970346633,2.578380955857528,52.522322055398355,48355.27933206786,100,Good,False,False,False,False,False
1061,2024-09-12,Holiday Promo,Email,49854.0,3289.0,247.0,93.82,18691.76,6.5972640109118625,7.5098814229249005,0.028525387655822437,0.3798380566801619,199.23001492219143,18597.94,100,Good,False,False,False,False,False
1062,2024-09-16,Summer Sale,Facebook,17364.0,371.0,0.0,1302.7175925023155,345.07,2.1366044690163557,0.0,3.5113681738606886,,0.26488473172237953,-957.6475925023155,80,Fair,True,False,False,False,False
1063,2024-08-28,New Product Launch,LinkedIn,,,37.0,1409.9695211313378,2980.3252563733445,,,,38.107284354901026,2.11375154690009,1570.3557352420066,80,Fair,True,False,False,False,False
1064,2024-10-31,Holiday Promo,Email,49033.0,817.0,55.0,,,1.6662247873880855,6.731946144430845,,,,,80,Fair,True,False,False,False,False
1065,2024-11-03,Summer Sale,Google Ads,25951.0,781.0,0.0,505.54,,3.009517937651728,0.0,0.6472983354673496,,,,80,Fair,True,False,False,False,False
1066,2024-10-09,Backtoschool,Email,24803.0,393.0,47.0,1138.89,4799.533853883341,1.5844857476918113,11.959287531806616,2.89793893129771,24.231702127659577,4.214220735877338,3660.643853883341,100,Good,False,False,False,False,False
1067,2024-11-02,New Product Launch,Email,4436.0,195.0,26.0,897.0690127453358,,4.3958521190261495,13.333333333333334,4.600353911514543,34.50265433635907,,,80,Fair,True,False,False,False,False
1068,2024-09-12,New Product Launch,Google Ads,44125.0,3009.0,0.0,1641.9521836654715,35020.0,6.819263456090652,0.0,0.5456803534946731,,21.328270304328736,33378.047816334525,80,Fair,True,False,False,False,False
1069,2024-10-12,Backtoschool,LinkedIn,47732.0,1221.0,87.0,1789.2,4778.285312825057,2.5580323472722704,7.125307125307126,1.4653562653562653,20.56551724137931,2.6706267118405194,2989.0853128250574,100,Good,False,False,False,False,False
1070,2024-08-13,Flash Sale,Email,33088.0,2485.0,83.0,1413.03,5159.915926366433,7.510275628626692,3.340040241448692,0.5686237424547284,17.0244578313253,3.651667640719895,3746.8859263664335,100,Good,False,False,False,False,False
1071,2024-09-25,Flashsale,Google Ads,48327.0,2229.0,307.0,1164.07,43765.63,4.612328512011919,13.772992373261554,0.5222386720502468,3.791758957654723,37.597077495339626,42601.56,100,Good,False,False,False,False,False
1072,2024-09-20,Summer Sale,Email,11647.0,861.0,74.0,1027.96,12262.553351402032,7.392461578088779,8.59465737514518,1.1939140534262487,13.891351351351352,11.929018007901115,11234.593351402033,100,Good,False,False,False,False,False
1073,2024-09-03,New Product Launch,Facebook,14918.0,207.0,26.0,150.69,860.63,1.387585467220807,12.560386473429952,0.7279710144927536,5.79576923076923,5.711261530293981,709.94,100,Good,False,False,False,False,False
1074,2024-10-17,New Product Launch,Email,36367.0,2142.0,154.0,475.15,21507.52,5.889955179145929,7.18954248366013,0.22182539682539681,3.08538961038961,45.2646953593602,21032.37,100,Good,False,False,False,False,False
1075,2024-10-07,Flash Sale,Email,20978.0,,40.0,1201.0751379038752,3022.83,,,,30.02687844759688,2.516770104221343,1821.7548620961247,80,Fair,True,False,False,False,False
1076,2024-10-09,Back To School,Facebook,16229.0,636.0,50.0,1981.1655610164653,1502.02,3.9189105921498553,7.861635220125786,3.115040190277461,39.623311220329306,0.758149661772521,-479.1455610164653,100,Good,False,False,False,False,False
1077,2024-09-01,Flash Sale,Email,23299.0,1749.0,218.0,1285.14,38836.32947235682,7.506759946778832,12.464265294453973,0.7347855917667239,5.8951376146789,30.219532091722936,37551.18947235682,100,Good,False,False,False,False,False
1078,2024-08-15,New Product Launch,Email,22852.0,452.0,55.0,443.17,3180.18,1.9779450376334675,12.168141592920353,0.9804646017699116,8.057636363636364,7.175982128754202,2737.0099999999998,100,Good,False,False,False,False,False
1079,2024-10-19,Flash Sale,Facebook,30320.0,,146.0,575.3540509071169,10439.195462189755,,,,3.940781170596691,18.143950573965842,9863.841411282638,80,Fair,True,False,False,False,False
1080,2024-09-18,Back To School,Google Ads,33352.0,1680.0,141.0,430.7238262061868,21547.18,5.0371791796593905,8.392857142857142,0.256383229884635,3.054778909263736,50.025512147278796,21116.456173793813,100,Good,False,False,False,False,False
1081,2024-09-25,Summer Sale,Email,22271.0,778.0,43.0,1108.2573621585846,2320.16,3.4933321359615648,5.526992287917738,1.4244953241112912,25.77342702694383,2.0935209448831973,1211.9026378414153,100,Good,False,False,False,False,False
1082,2024-08-21,Summer Sale,Google Ads,29699.0,1063.0,85.0,,3080.07,3.5792450924273544,7.9962370649106305,,,,,80,Fair,True,False,False,False,False
1083,2024-11-10,Flash Sale,LinkedIn,49845.0,3138.0,0.0,426.61,,6.295516099909721,0.0,0.13594964945825366,,,,80,Fair,True,False,False,False,False
1084,2024-10-24,Summer Sale,Email,29831.0,1265.0,127.0,1508.3496279798455,4562.738809448279,4.240555127216654,10.039525691699605,1.1923712474148978,11.876768724250752,3.0249875259751424,3054.389181468434,100,Good,False,False,False,False,False
1085,2024-10-29,Summer Sale,LinkedIn,39258.0,1638.0,144.0,909.4873565295449,14130.68,4.1723979825768,8.791208791208792,0.5552425864038736,6.315884420344061,15.536972447775817,13221.192643470455,100,Good,False,False,False,False,False
1086,2024-11-07,Flash Sale,Google Ads,42914.0,1533.0,83.0,525.78,16219.178927557008,3.57226080067111,5.414220482713633,0.34297455968688845,6.3346987951807225,30.847843066600117,15693.398927557007,100,Good,False,False,False,False,False
1087,2024-11-09,Flashsale,Facebook,27531.0,626.0,73.0,879.0539552579272,,2.2738004431368277,11.661341853035143,1.4042395451404588,12.041835003533249,,,80,Fair,True,False,False,False,False
1088,2024-09-10,Flash Sale,Google Ads,38220.0,1448.0,144.0,1288.43,5429.04,3.7885923600209317,9.94475138121547,0.8897997237569061,8.947430555555556,4.213686424563228,4140.61,100,Good,False,False,False,False,False
1089,2024-08-20,Flash Sale,LinkedIn,23677.0,1216.0,29.0,,4925.42,5.135785783671918,2.384868421052632,,,,,80,Fair,True,False,False,False,False
1090,2024-09-10,Back To School,Google Ads,47645.0,586.0,38.0,1286.99,5537.357217043793,1.2299296883198656,6.484641638225256,2.1962286689419797,33.86815789473684,4.30256429113186,4250.367217043793,100,Good,False,False,False,False,False
1091,2024-09-29,Summer Sale,Google Ads,7469.0,580.0,0.0,439.04,10085.53,7.765430445842816,0.0,0.7569655172413794,,22.971779336734695,9646.49,80,Fair,True,False,False,False,False
1092,2024-08-28,Back To School,Instagram,,910.0,132.0,1692.13,22772.1,,14.505494505494507,1.8594835164835166,12.819166666666668,13.457653962756996,21079.969999999998,80,Fair,True,False,False,False,False
1093,2024-09-30,Summer Sale,Facebook,28529.0,2111.0,0.0,797.12013008652,18559.91,7.399488240036455,0.0,0.3776030933616864,,23.283705052067237,17762.78986991348,80,Fair,True,False,False,False,False
1094,2024-09-23,Summer Sale,Google Ads,40144.0,1401.0,190.0,301.06,16362.21427991802,3.4899362295735354,13.561741613133476,0.21488936473947182,1.5845263157894738,54.348682255756394,16061.15427991802,100,Good,False,False,False,False,False
1095,2024-08-25,Backtoschool,Email,6644.0,410.0,20.0,786.571328043775,2416.71,6.1709813365442505,4.878048780487805,1.9184666537653048,39.32856640218875,3.072461344364567,1630.1386719562252,100,Good,False,False,False,False,False
1096,2024-09-30,Holiday Promo,Google Ads,37455.0,975.0,0.0,891.48,7618.924157250765,2.6031237484981977,0.0,0.9143384615384615,,8.546376987987129,6727.444157250766,80,Fair,True,False,False,False,False
1097,2024-08-27,Holiday Promo,Facebook,5425.0,86.0,0.0,101.74,243.38,1.5852534562211984,0.0,1.1830232558139535,,2.3921761352467072,141.64,80,Fair,True,False,False,False,False
1098,2024-09-08,Summer Sale,Email,43956.0,1170.0,84.0,981.54,3703.69,2.661752661752662,7.179487179487179,0.8389230769230769,11.684999999999999,3.7733459665423723,2722.15,100,Good,False,False,False,False,False
1099,2024-09-30,Back To School,Email,,1922.0,212.0,580.6830175984272,27631.91,,11.030176899063475,0.30212435879210575,2.7390708377284305,47.58518703419172,27051.22698240157,80,Fair,True,False,False,False,False
1100,2024-11-06,Flash Sale,Instagram,39727.0,2208.0,0.0,780.148970954823,11054.915348493207,5.557932891987817,0.0,0.3533283382947568,,14.170262039778269,10274.766377538384,80,Fair,True,False,False,False,False
1101,2024-09-17,Flash Sale,Google Ads,,1670.0,159.0,1282.92,5123.94,,9.520958083832335,0.7682155688622755,8.06867924528302,3.993966888036666,3841.0199999999995,80,Fair,True,False,False,False,False
1102,2024-11-04,New Product Launch,Email,,385.0,0.0,,3214.6050088223255,,0.0,,,,,80,Fair,True,False,False,False,False
1103,2024-08-21,Flash Sale,Facebook,,2403.0,346.0,1731.1488536676286,57995.735515317334,,14.398668331252601,0.7204115079765412,5.003320386322626,33.5012990895884,56264.58666164971,80,Fair,True,False,False,False,False
1104,2024-10-30,New Product Launch,Email,7359.0,384.0,32.0,1102.7282423700317,3605.78,5.2181002853648595,8.333333333333332,2.8716881311719575,34.46025757406349,3.2698718156073525,2503.0517576299685,100,Good,False,False,False,False,False
1105,2024-11-04,Holiday Promo,Instagram,7183.0,356.0,19.0,1763.3284733925582,3145.686049790378,4.956146456912154,5.337078651685393,4.953169869080219,92.80676175750307,1.7839478561462976,1382.35757639782,100,Good,False,False,False,False,False
1106,2024-09-11,Flash Sale,Facebook,2605.0,70.0,2.0,413.81,156.93,2.6871401151631478,2.857142857142857,5.9115714285714285,206.905,0.3792320146927334,-256.88,100,Good,False,False,False,False,False
1107,2024-08-20,Flash Sale,LinkedIn,23677.0,1216.0,29.0,122.83,4925.42,5.135785783671918,2.384868421052632,0.10101151315789474,4.23551724137931,40.099487095986326,4802.59,100,Good,False,False,False,False,False
1108,2024-10-15,Flashsale,Facebook,19711.0,653.0,59.0,1165.9703148831347,11602.73,3.312870985744001,9.03522205206738,1.785559440862381,19.762208726832792,9.951136707252227,10436.759685116866,100,Good,False,False,False,False,False
1109,2024-08-19,Holiday Promo,Facebook,26826.0,1574.0,46.0,374.1200922230432,3075.45,5.86744203384776,2.9224904701397714,0.23768747917601218,8.133045483109635,8.220488725225898,2701.3299077769566,100,Good,False,False,False,False,False
1110,2024-10-02,Backtoschool,LinkedIn,48190.0,,488.0,1740.64,48486.39,,,,3.5668852459016396,27.855495679749975,46745.75,80,Fair,True,False,False,False,False
1111,2024-10-28,New Product Launch,Google Ads,,523.0,68.0,,7944.2388177966595,,13.001912045889103,,,,,80,Fair,True,False,False,False,False
1112,2024-08-31,Back To School,Facebook,27641.0,1353.0,191.0,1407.26,24239.89,4.894902499909555,14.116777531411678,1.0401034737620103,7.367853403141361,17.224883816778704,22832.63,100,Good,False,False,False,False,False
1113,2024-10-24,Holiday Promo,Facebook,27144.0,1142.0,103.0,1885.86,9850.657187891558,4.207191276156793,9.019264448336251,1.6513660245183888,18.309320388349512,5.223429728554378,7964.797187891559,100,Good,False,False,False,False,False
1114,2024-09-05,Summer Sale,Facebook,42555.0,2887.0,177.0,1796.270295567591,17021.08,6.784161673128892,6.130931763075857,0.6221926898398306,10.14841974896944,9.47578994208198,15224.809704432411,100,Good,False,False,False,False,False
1115,2024-10-21,Flash Sale,Email,11457.0,584.0,50.0,1242.3357590975634,1653.9365624771442,5.097320415466527,8.561643835616438,2.1272872587287046,24.846715181951268,1.3313120469771949,411.60080337958084,100,Good,False,False,False,False,False
1116,2024-08-15,Backtoschool,Google Ads,28480.0,865.0,86.0,322.01,6851.15,3.0372191011235956,9.942196531791907,0.3722658959537572,3.7443023255813954,21.27620260240365,6529.139999999999,100,Good,False,False,False,False,False
1117,2024-10-25,Flash Sale,Email,2802.0,94.0,3.0,1853.15,537.44,3.354746609564597,3.1914893617021276,19.71436170212766,617.7166666666667,0.29001429997571704,-1315.71,100,Good,False,False,False,False,False
1118,2024-08-18,Holiday Promo,Google Ads,2062.0,33.0,2.0,,,1.600387972841901,6.0606060606060606,,,,,80,Fair,True,False,False,False,False
1119,2024-09-09,Flashsale,Instagram,,242.0,27.0,1718.61,4620.71,,11.15702479338843,7.101694214876033,63.65222222222222,2.688632092214057,2902.1000000000004,80,Fair,True,False,False,False,False
1120,2024-09-11,Summer Sale,Email,2015.0,73.0,9.0,1975.1884521641416,500.14,3.6228287841191067,12.32876712328767,27.057376057043037,219.4653835737935,0.2532112819169305,-1475.0484521641415,100,Good,False,False,False,False,False
1121,2024-10-20,Back To School,Facebook,37631.0,926.0,99.0,749.36,7247.57,2.4607371581940423,10.691144708423327,0.809244060475162,7.56929292929293,9.671679833457883,6498.21,100,Good,False,False,False,False,False
1122,2024-10-10,Holiday Promo,Facebook,14859.0,817.0,91.0,1825.72,12395.056863039094,5.498351167642506,11.138310893512852,2.2346634026927785,20.062857142857144,6.789133527068277,10569.336863039094,100,Good,False,False,False,False,False
1123,2024-08-21,Holiday Promo,Facebook,24576.0,1198.0,57.0,1895.079358619296,9280.758729065954,4.874674479166666,4.757929883138564,1.5818692475954057,33.2470062915666,4.897292921721054,7385.679370446658,100,Good,False,False,False,False,False
1124,2024-09-17,Summer Sale,Email,15388.0,528.0,0.0,1180.3173722198899,2113.58,3.431245126072264,0.0,2.2354495685982765,,1.790687868996514,933.26262778011,80,Fair,True,False,False,False,False
1125,2024-11-01,Flashsale,Facebook,17282.0,220.0,27.0,1274.4057595072702,1185.27,1.2730008100914247,12.272727272727273,5.7927534523057735,47.200213315084085,0.9300570019851973,-89.13575950727022,100,Good,False,False,False,False,False
1126,2024-09-11,Summer Sale,Google Ads,3368.0,50.0,3.0,149.0,542.17,1.4845605700712587,6.0,2.98,49.666666666666664,3.638724832214765,393.16999999999996,100,Good,False,False,False,False,False
1127,2024-11-07,Flash Sale,Email,15663.0,919.0,24.0,1088.57,4645.46,5.867330651854689,2.6115342763873777,1.1845157780195865,45.35708333333333,4.2674885400112075,3556.8900000000003,100,Good,False,False,False,False,False
1128,2024-10-07,Back To School,Facebook,46162.0,3437.0,96.0,589.9114138870473,16037.2,7.4455179584939994,2.7931335466977014,0.17163555830289418,6.144910561323409,27.185776749643818,15447.288586112954,100,Good,False,False,False,False,False
1129,2024-10-21,Summer Sale,Google Ads,20856.0,927.0,49.0,945.31,9633.67,4.444764096662831,5.285868392664509,1.0197518878101401,19.29204081632653,10.191016703515249,8688.36,100,Good,False,False,False,False,False
1130,2024-09-01,Back To School,Email,25285.0,1654.0,159.0,986.09,16137.08209731698,6.541427723947005,9.613059250302298,0.5961850060459493,6.201823899371069,16.36471528695857,15150.99209731698,100,Good,False,False,False,False,False
1131,2024-09-08,New Product Launch,Instagram,47185.0,1538.0,189.0,,19774.15,3.25951043763908,12.288686605981795,,,,,80,Fair,True,False,False,False,False
1132,2024-10-19,Flash Sale,LinkedIn,6258.0,149.0,16.0,1590.84,2128.211131404351,2.380952380952381,10.738255033557047,10.676778523489933,99.4275,1.3377908095121767,537.371131404351,100,Good,False,False,False,False,False
1133,2024-08-16,Holiday Promo,Email,17984.0,1284.0,0.0,1642.37,9523.42,7.139679715302491,0.0,1.2791043613707165,,5.798583753965307,7881.05,80,Fair,True,False,False,False,False
1134,2024-09-14,Summer Sale,Facebook,5854.0,273.0,30.0,1603.1199625640606,3242.67,4.6634779637854455,10.989010989010989,5.872234295106449,53.43733208546869,2.022724484581685,1639.5500374359394,100,Good,False,False,False,False,False
1135,2024-10-10,Backtoschool,Instagram,,1623.0,236.0,,24069.654205401715,,14.540973505853358,,,,,80,Fair,True,False,False,False,False
1136,2024-08-22,New Product Launch,Google Ads,14403.0,,55.0,1360.45,4718.23,,,,24.735454545454548,3.4681392186408906,3357.7799999999997,80,Fair,True,False,False,False,False
1137,2024-09-30,Backtoschool,Google Ads,17482.0,1366.0,77.0,645.46,8666.68,7.813751287038097,5.636896046852123,0.47251830161054176,8.382597402597403,13.427137235459982,8021.22,100,Good,False,False,False,False,False
1138,2024-10-03,Summer Sale,Email,23350.0,1569.0,83.0,383.23,11924.56,6.71948608137045,5.289993626513703,0.244251115360102,4.6172289156626505,31.11593560003131,11541.33,100,Good,False,False,False,False,False
1139,2024-08-25,Summer Sale,Facebook,42090.0,481.0,70.0,1673.26,4626.84,1.1427892611071513,14.553014553014554,3.4787110187110186,23.903714285714287,2.765165007231393,2953.58,100,Good,False,False,False,False,False
1140,2024-09-17,Holiday Promo,Google Ads,27665.0,1393.0,77.0,1130.647104905797,10837.092883525904,5.035243086932948,5.527638190954774,0.8116633918921731,14.683728635140222,9.584858826865192,9706.445778620107,100,Good,False,False,False,False,False
1141,2024-08-31,Flash Sale,LinkedIn,31355.0,574.0,20.0,1315.960089126324,3136.5525895024393,1.8306490192951683,3.484320557491289,2.2926133956904597,65.79800445631619,2.3834709087452803,1820.5925003761154,100,Good,False,False,False,False,False
1142,2024-08-28,Summer Sale,Facebook,38573.0,3038.0,409.0,1221.56,,7.875975423223498,13.462804476629362,0.40209348255431204,2.9866992665036673,,,80,Fair,True,False,False,False,False
1143,2024-10-23,Holiday Promo,Google Ads,,337.0,50.0,501.76,,,14.836795252225517,1.4889020771513353,10.0352,,,80,Fair,True,False,False,False,False
1144,2024-10-13,Flash Sale,Facebook,29470.0,1370.0,42.0,1918.43,6674.921835572166,4.648795385137428,3.065693430656934,1.4003138686131387,45.676904761904765,3.4793668966666313,4756.491835572166,100,Good,False,False,False,False,False
1145,2024-09-23,Summer Sale,Instagram,,798.0,98.0,,17113.119483874136,,12.280701754385964,,,,,80,Fair,True,False,False,False,False
1146,2024-08-20,Backtoschool,Email,33970.0,,62.0,1616.12,6816.97,,,,26.066451612903226,4.218108803801698,5200.85,80,Fair,True,False,False,False,False
1147,2024-08-12,Holiday Promo,Email,24483.0,453.0,0.0,,7014.209797428933,1.8502634481068498,0.0,,,,,80,Fair,True,False,False,False,False
1148,2024-10-09,Backtoschool,Email,2678.0,168.0,8.0,,634.06,6.273338312173264,4.761904761904762,,,,,80,Fair,True,False,False,False,False
1149,2024-09-04,Holiday Promo,Google Ads,43356.0,2548.0,178.0,1487.3463763938876,33035.6,5.876925915674878,6.985871271585557,0.5837309169520751,8.355878519066785,22.211100604618895,31548.25362360611,100,Good,False,False,False,False,False
1150,2024-10-10,Flashsale,Email,26150.0,1020.0,134.0,1849.77,14628.648786422566,3.900573613766731,13.137254901960786,1.8135,13.804253731343284,7.908360924018967,12778.878786422565,100,Good,False,False,False,False,False
1151,2024-09-25,Summer Sale,Instagram,29173.0,2128.0,215.0,1102.57,22486.117885443793,7.294416069653447,10.103383458646617,0.518125,5.128232558139534,20.394276903456284,21383.547885443793,100,Good,False,False,False,False,False
1152,2024-10-15,Summer Sale,Email,,566.0,62.0,,,,10.954063604240282,,,,,80,Fair,True,False,False,False,False
1153,2024-08-18,Holiday Promo,Email,34434.0,1953.0,82.0,424.96,3029.708510754715,5.671719811813905,4.198668714797747,0.21759344598054275,5.182439024390244,7.129396909720245,2604.748510754715,100,Good,False,False,False,False,False
1154,2024-10-22,Holiday Promo,Instagram,15178.0,347.0,16.0,772.42,1797.9,2.2862037159045987,4.610951008645533,2.225994236311239,48.27625,2.3276196887703584,1025.48,100,Good,False,False,False,False,False
1155,2024-10-25,Summer Sale,Email,2531.0,44.0,3.0,1088.6,213.66,1.738443303042276,6.8181818181818175,24.74090909090909,362.8666666666666,0.19627043909608674,-874.9399999999999,100,Good,False,False,False,False,False
1156,2024-10-22,Summer Sale,Email,36240.0,1218.0,166.0,1234.732683472467,11875.65,3.3609271523178808,13.628899835796387,1.0137378353632733,7.438148695617271,9.617992751760516,10640.917316527533,100,Good,False,False,False,False,False
1157,2024-10-06,Flash Sale,Email,,267.0,36.0,798.59,4406.54,,13.48314606741573,2.990973782771536,22.183055555555555,5.517900299277477,3607.95,80,Fair,True,False,False,False,False
1158,2024-10-11,New Product Launch,Google Ads,34039.0,2422.0,358.0,1548.13,36165.28636270393,7.115367666500191,14.781172584640792,0.6391948802642444,4.324385474860335,23.360626279901513,34617.156362703936,100,Good,False,False,False,False,False
1159,2024-08-15,Flash Sale,Google Ads,16795.0,,147.0,1217.3840441842215,8308.90582465649,,,,8.281524110096745,6.825213345246652,7091.521780472268,80,Fair,True,False,False,False,False
1160,2024-08-30,New Product Launch,LinkedIn,48011.0,535.0,46.0,491.67,6425.25,1.1143279665076753,8.598130841121495,0.9190093457943925,10.688478260869566,13.068216486667886,5933.58,100,Good,False,False,False,False,False
1161,2024-09-07,Back To School,Email,30723.0,777.0,57.0,,4852.903253541104,2.52904989747095,7.335907335907336,,,,,80,Fair,True,False,False,False,False
1162,2024-10-01,Flash Sale,LinkedIn,,1964.0,216.0,1723.8,18449.21,,10.9979633401222,0.8776985743380855,7.980555555555555,10.7026395173454,16725.41,80,Fair,True,False,False,False,False
1163,2024-10-18,Summer Sale,Email,5142.0,303.0,11.0,,,5.892648774795799,3.6303630363036308,,,,,80,Fair,True,False,False,False,False
1164,2024-10-09,New Product Launch,Google Ads,39565.0,2515.0,83.0,702.0074820554403,3555.352463272877,6.356628333122709,3.300198807157058,0.2791282234812884,8.457921470547474,5.064550669549839,2853.3449812174367,100,Good,False,False,False,False,False
1165,2024-10-19,New Product Launch,Instagram,27212.0,446.0,62.0,316.79633029197475,,1.63898280170513,13.901345291479823,0.7103056733003918,5.109618230515722,,,80,Fair,True,False,False,False,False
1166,2024-10-06,Back To School,Facebook,10524.0,352.0,0.0,59.03244485897557,3727.88,3.344735841885215,0.0,0.16770580925845333,,63.149679958294925,3668.8475551410247,80,Fair,True,False,False,False,False
1167,2024-10-26,Back To School,Google Ads,20531.0,1018.0,41.0,284.32,3612.9,4.9583556572987195,4.027504911591356,0.2792927308447937,6.934634146341463,12.70716094541362,3328.58,100,Good,False,False,False,False,False
1168,2024-09-29,Back To School,Email,10996.0,517.0,73.0,1607.6273097586475,14574.362311718718,4.701709712622772,14.119922630560927,3.1095305798039603,22.02229191450202,9.065759348108339,12966.73500196007,100,Good,False,False,False,False,False
1169,2024-11-09,Flash Sale,Email,11230.0,816.0,50.0,264.6,3437.448881606504,7.266251113089937,6.127450980392156,0.32426470588235295,5.292000000000001,12.991114442957308,3172.848881606504,100,Good,False,False,False,False,False
1170,2024-09-09,Summer Sale,Instagram,9792.0,759.0,94.0,,4380.800381822014,7.751225490196079,12.384716732542818,,,,,80,Fair,True,False,False,False,False
1171,2024-09-12,Summer Sale,Google Ads,,1937.0,50.0,263.46,4828.86,,2.581311306143521,0.13601445534331438,5.2692,18.32862673650649,4565.4,80,Fair,True,False,False,False,False
1172,2024-10-24,Holiday Promo,Email,20115.0,1098.0,148.0,970.8191040658011,7448.99,5.458612975391499,13.479052823315119,0.8841704044315128,6.559588540985143,7.672891858847388,6478.170895934199,100,Good,False,False,False,False,False
1173,2024-08-12,Backtoschool,LinkedIn,35008.0,2077.0,203.0,946.3789498842057,8710.46,5.932929616087752,9.773712084737603,0.45564706301598734,4.661965270365545,9.203987473586315,7764.081050115794,100,Good,False,False,False,False,False
1174,2024-11-09,Flashsale,Facebook,27531.0,626.0,73.0,879.05,4770.556036194223,2.2738004431368277,11.661341853035143,1.4042332268370605,12.041780821917808,5.426945038614668,3891.5060361942233,100,Good,False,False,False,False,False
1175,2024-10-27,Flashsale,Google Ads,11729.0,,,1409.18,14493.962544947433,,,,,10.285387633196208,13084.782544947433,80,Fair,True,False,False,False,False
1176,2024-09-15,Holiday Promo,Instagram,47576.0,1321.0,68.0,1407.79,10273.85,2.776610055490163,5.1476154428463285,1.0657002271006812,20.70279411764706,7.297856924683369,8866.060000000001,100,Good,False,False,False,False,False
1177,2024-09-08,Summer Sale,Email,41545.0,2257.0,0.0,226.06505160609618,34744.29,5.432663377061018,0.0,0.1001617419610528,,153.691558041177,34518.2249483939,80,Fair,True,False,False,False,False
1178,2024-11-04,Summer Sale,Google Ads,35387.0,984.0,106.0,1532.44,13913.41,2.7806821714188823,10.772357723577237,1.5573577235772358,14.456981132075473,9.07925269504842,12380.97,100,Good,False,False,False,False,False
1179,2024-09-27,Summer Sale,Instagram,,124.0,0.0,363.481797294201,2366.761517403368,,0.0,2.9313048168887175,,6.5113618756752185,2003.279720109167,80,Fair,True,False,False,False,False
1180,2024-09-18,Flash Sale,Facebook,1206.0,48.0,1.0,260.3882826369437,35.34296156674482,3.9800995024875623,2.083333333333333,5.424755888269661,260.3882826369437,0.1357317664559549,-225.0453210701989,100,Good,False,False,False,False,False
1181,2024-09-24,Holiday Promo,Facebook,7254.0,137.0,5.0,346.21,268.0,1.8886131789357596,3.64963503649635,2.527080291970803,69.24199999999999,0.7740966465440051,-78.20999999999998,100,Good,False,False,False,False,False
1182,2024-09-12,Holiday Promo,Email,49854.0,3289.0,247.0,93.82,18691.76,6.5972640109118625,7.5098814229249005,0.028525387655822437,0.3798380566801619,199.23001492219143,18597.94,100,Good,False,False,False,False,False
1183,2024-08-18,Holiday Promo,Google Ads,8158.0,275.0,17.0,1465.61,3102.65,3.3709242461387596,6.181818181818182,5.329490909090909,86.21235294117646,2.116968361296662,1637.0400000000002,100,Good,False,False,False,False,False
1184,2024-09-20,Summer Sale,Google Ads,7229.0,238.0,8.0,1786.528197442795,,3.2922949232258953,3.361344537815126,7.506420997658803,223.3160246803494,,,80,Fair,True,False,False,False,False
1185,2024-10-31,New Product Launch,Google Ads,1190.0,37.0,0.0,573.5259709358058,,3.1092436974789917,0.0,15.500701917183942,,,,80,Fair,True,False,False,False,False
1186,2024-10-11,Holiday Promo,Facebook,44861.0,,100.0,1153.26,19751.24430810949,,,,11.5326,17.126445301241255,18597.98430810949,80,Fair,True,False,False,False,False
1187,2024-10-04,Summer Sale,Facebook,34595.0,1781.0,0.0,1841.56,,5.148142795201618,0.0,1.03400336889388,,,,80,Fair,True,False,False,False,False
1188,2024-09-02,New Product Launch,Facebook,49136.0,3110.0,312.0,247.19,13821.024996339464,6.329371540214914,10.032154340836012,0.0794823151125402,0.792275641025641,55.91255712747063,13573.834996339463,100,Good,False,False,False,False,False
1189,2024-08-24,Summer Sale,Facebook,,2101.0,231.0,321.69633609145757,30665.47,,10.99476439790576,0.15311581917727632,1.3926248315647514,95.32427497490016,30343.773663908545,80,Fair,True,False,False,False,False
1190,2024-08-13,Back To School,Google Ads,13763.0,920.0,137.0,1993.4418322941156,17046.004423485192,6.684589115745114,14.891304347826088,2.1667846003196907,14.550670308716171,8.551041794817817,15052.562591191076,100,Good,False,False,False,False,False
1191,2024-11-07,New Product Launch,Facebook,2636.0,78.0,1.0,1238.65,,2.959028831562974,1.282051282051282,15.880128205128207,1238.65,,,80,Fair,True,False,False,False,False
1192,2024-11-03,Summer Sale,Facebook,46368.0,1184.0,59.0,1360.1908500175205,1967.7,2.5534851621808143,4.983108108108108,1.1488098395418247,23.054082203686786,1.4466352276775383,607.5091499824796,100,Good,False,False,False,False,False
1193,2024-10-06,Summer Sale,Email,13254.0,880.0,92.0,1399.9393008098123,16041.42,6.639505055077713,10.454545454545453,1.590840114556605,15.216731530541438,11.458653950725322,14641.480699190188,100,Good,False,False,False,False,False
1194,2024-09-29,Summer Sale,Google Ads,2016.0,155.0,20.0,,2434.95,7.688492063492064,12.903225806451612,,,,,80,Fair,True,False,False,False,False
1195,2024-08-27,New Product Launch,LinkedIn,8805.0,145.0,6.0,1872.5,831.04,1.6467915956842702,4.137931034482759,12.913793103448276,312.0833333333333,0.44381308411214954,-1041.46,100,Good,False,False,False,False,False
1196,2024-11-09,Backtoschool,Facebook,49770.0,1798.0,99.0,1305.7991093160808,9849.0,3.61261804299779,5.506117908787542,0.7262508950589993,13.189889993091725,7.542507825080739,8543.200890683918,100,Good,False,False,False,False,False
1197,2024-09-20,New Product Launch,Facebook,48030.0,1323.0,58.0,,5963.18,2.754528419737664,4.383975812547241,,,,,80,Fair,True,False,False,False,False
1198,2024-09-12,Back To School,Facebook,19227.0,1458.0,104.0,1059.6151335285863,17930.714672441558,7.583086284911842,7.133058984910837,0.7267593508426518,10.188607053159483,16.921912593614184,16871.09953891297,100,Good,False,False,False,False,False
1199,2024-08-28,Flashsale,Facebook,30749.0,,91.0,1664.34,6930.768907731406,,,,18.28945054945055,4.164274672081069,5266.428907731406,80,Fair,True,False,False,False,False
1200,2024-10-23,Holiday Promo,Google Ads,10903.0,630.0,18.0,1709.85,2055.1483726627616,5.778226176281757,2.857142857142857,2.714047619047619,94.99166666666666,1.2019465875151398,345.2983726627617,100,Good,False,False,False,False,False
1201,2024-08-19,Holiday Promo,Instagram,5853.0,11706.0,9.0,576.33,1095.9594517295359,200.0,0.0768836494105587,0.0492337262942081,64.03666666666668,1.9016179128789683,519.6294517295358,70,Fair,False,True,True,False,False
1202,2024-10-25,Back To School,Google Ads,43874.0,1655.0,196.0,1407.24,11007.81,3.772165747367461,11.842900302114803,0.8502960725075529,7.179795918367347,7.822269122537733,9600.57,100,Good,False,False,False,False,False
1203,2024-10-09,Flash Sale,Email,19017.0,239.0,8.0,76.66,342.48832207934873,1.2567702581900404,3.3472803347280333,0.3207531380753138,9.5825,4.4676274729891565,265.8283220793487,100,Good,False,False,False,False,False
1204,2024-11-10,Flash Sale,Facebook,21609.0,467.0,54.0,211.45740245399662,7156.936364901443,2.161136563468925,11.563169164882227,0.45279957698928613,3.91587782322216,33.845759390988746,6945.478962447446,100,Good,False,False,False,False,False
1205,2024-08-24,Summer Sale,Google Ads,,974.0,105.0,714.22,7803.4,,10.780287474332649,0.7332854209445585,6.802095238095238,10.925765170395675,7089.179999999999,80,Fair,True,False,False,False,False
1206,2024-08-18,Holiday Promo,Google Ads,8158.0,275.0,17.0,1465.61,3102.6486512629476,3.3709242461387596,6.181818181818182,5.329490909090909,86.21235294117646,2.116967441040214,1637.0386512629477,100,Good,False,False,False,False,False
1207,2024-10-15,Holiday Promo,Facebook,39765.0,1097.0,61.0,454.09,10937.148321759223,2.7587074060103105,5.560619872379216,0.41393801276207837,7.444098360655738,24.085860339930903,10483.058321759223,100,Good,False,False,False,False,False
1208,2024-10-26,Holiday Promo,Facebook,10435.0,137.0,3.0,1718.148138821464,448.87,1.3128893148059417,2.18978102189781,12.54122729066762,572.7160462738213,0.2612522109460801,-1269.278138821464,100,Good,False,False,False,False,False
1209,2024-08-21,Summer Sale,Google Ads,30899.0,346.0,41.0,1623.48,3643.7411179931237,1.119777339072462,11.849710982658959,4.692138728323699,39.597073170731704,2.244401605189546,2020.2611179931237,100,Good,False,False,False,False,False
1210,2024-08-25,Holiday Promo,Facebook,,2113.0,66.0,846.4837654878625,6161.565160878163,,3.1235210601041175,0.40060755583902624,12.825511598300947,7.279011614980006,5315.0813953903,80,Fair,True,False,False,False,False
1211,2024-08-12,Summer Sale,Instagram,26053.0,1890.0,231.0,345.7660154788648,19171.325602331177,7.254442866464515,12.222222222222221,0.1829449817348491,1.4968225778305835,55.44595114641346,18825.559586852312,100,Good,False,False,False,False,False
1212,2024-11-04,Summer Sale,Instagram,28532.0,2104.0,267.0,1902.11,40950.41,7.3741763633814665,12.690114068441064,0.9040446768060836,7.1240074906367035,21.528938915204698,39048.3,100,Good,False,False,False,False,False
1213,2024-10-20,New Product Launch,Facebook,47391.0,915.0,100.0,1696.66,,1.9307463442425776,10.92896174863388,1.8542732240437159,16.9666,,,80,Fair,True,False,False,False,False
1214,2024-10-26,Flash Sale,Google Ads,6311.0,,50.0,1242.72,1560.06,,,,24.854400000000002,1.2553592120509849,317.3399999999999,80,Fair,True,False,False,False,False
1215,2024-09-19,Holiday Promo,Google Ads,36840.0,2611.0,0.0,1202.987099702612,22305.34,7.087404994571118,0.0,0.46073806959119573,,18.541628588963302,21102.35290029739,80,Fair,True,False,False,False,False
1216,2024-09-04,New Product Launch,LinkedIn,21662.0,829.0,78.0,1617.7551098317504,9479.2,3.826978118363955,9.408926417370326,1.951453690991255,20.74045012604808,5.859477706107111,7861.44489016825,100,Good,False,False,False,False,False
1217,2024-08-23,Flash Sale,Google Ads,10348.0,637.0,57.0,,11096.24,6.155778894472362,8.948194662480377,,,,,80,Fair,True,False,False,False,False
1218,2024-09-26,Flash Sale,Instagram,21358.0,390.0,43.0,1276.44,7704.32,1.826013671692106,11.025641025641026,3.2729230769230773,29.6846511627907,6.035787032684654,6427.879999999999,100,Good,False,False,False,False,False
1219,2024-10-01,Holiday Promo,Google Ads,16023.0,289.0,21.0,1600.92,3289.88,1.803657242713599,7.26643598615917,5.539515570934256,76.23428571428572,2.0549933788071857,1688.96,100,Good,False,False,False,False,False
1220,2024-10-04,Summer Sale,Google Ads,14081.0,208.0,26.0,902.53,,1.4771678147858818,12.5,4.3390865384615385,34.71269230769231,,,80,Fair,True,False,False,False,False
1221,2024-08-23,Holiday Promo,Email,39356.0,1812.0,266.0,945.03,,4.6041264356133755,14.67991169977925,0.5215397350993377,3.5527443609022553,,,80,Fair,True,False,False,False,False
1222,2024-09-02,Summer Sale,LinkedIn,14490.0,396.0,37.0,372.75096898454893,1323.0999179510825,2.732919254658385,9.343434343434344,0.9412903257185579,10.074350513095917,3.5495546035882386,950.3489489665335,100,Good,False,False,False,False,False
1223,2024-08-28,Back To School,Instagram,24833.0,,132.0,1692.13,22772.096133717932,,,,12.819166666666668,13.457651677895866,21079.96613371793,80,Fair,True,False,False,False,False
1224,2024-08-18,Summer Sale,LinkedIn,42124.0,837.0,0.0,681.78,2686.635152493563,1.9869907890988512,0.0,0.8145519713261649,,3.9406188983155315,2004.855152493563,80,Fair,True,False,False,False,False
1225,2024-08-29,Back To School,Google Ads,18029.0,,58.0,1284.5412235470228,6613.54,,,,22.14726247494867,5.148561898027634,5328.998776452977,80,Fair,True,False,False,False,False
1226,2024-11-06,Back To School,Instagram,20019.0,731.0,102.0,1457.11,3893.9611263372803,3.651531045506769,13.953488372093023,1.9933105335157317,14.285392156862745,2.6723865228687473,2436.85112633728,100,Good,False,False,False,False,False
1227,2024-09-11,Flash Sale,Facebook,2605.0,70.0,2.0,413.81,156.932357355908,2.6871401151631478,2.857142857142857,5.9115714285714285,206.905,0.37923771140356205,-256.877642644092,100,Good,False,False,False,False,False
1228,2024-09-10,Back To School,Email,1009.0,48.0,4.0,443.3744015439599,585.51,4.757185332011893,8.333333333333332,9.236966698832498,110.84360038598997,1.3205769163963508,142.1355984560401,100,Good,False,False,False,False,False
1229,2024-09-30,Holiday Promo,Google Ads,16896.0,1237.0,128.0,1401.69,4962.7247528935295,7.32125946969697,10.347615198059822,1.133136620856912,10.950703125,3.5405294700636585,3561.0347528935295,100,Good,False,False,False,False,False
1230,2024-08-25,Flash Sale,Google Ads,32480.0,2143.0,92.0,1322.85,6485.18,6.597906403940887,4.2930471301913204,0.6172888474101726,14.378804347826087,4.902430358695242,5162.33,100,Good,False,False,False,False,False
1231,2024-09-30,Holiday Promo,Google Ads,37455.0,975.0,88.0,891.48,7618.92,2.6031237484981977,9.025641025641026,0.9143384615384615,10.130454545454546,8.546372324673577,6727.4400000000005,100,Good,False,False,False,False,False
1232,2024-09-23,Summer Sale,Google Ads,41158.0,455.0,64.0,1027.0277736347555,7788.42663859268,1.1054958938723942,14.065934065934066,2.2572038980983637,16.047308963043054,7.583462529965133,6761.398864957925,100,Good,False,False,False,False,False
1233,2024-10-25,Summer Sale,Google Ads,35620.0,1160.0,29.0,1853.05,5401.240476323791,3.256597417181359,2.5,1.5974568965517242,63.898275862068964,2.9147839919720413,3548.190476323791,100,Good,False,False,False,False,False
1234,2024-09-25,Summer Sale,Google Ads,4430.0,206.0,23.0,56.53,,4.650112866817156,11.165048543689322,0.27441747572815534,2.457826086956522,,,80,Fair,True,False,False,False,False
1235,2024-09-06,Back To School,Facebook,42949.0,2684.0,126.0,1801.21,8174.091099124594,6.249272392838017,4.694485842026825,0.6710916542473919,14.295317460317461,4.5381111026058,6372.881099124594,100,Good,False,False,False,False,False
1236,2024-10-26,Back To School,Google Ads,20531.0,1018.0,41.0,284.32,3612.9,4.9583556572987195,4.027504911591356,0.2792927308447937,6.934634146341463,12.70716094541362,3328.58,100,Good,False,False,False,False,False
1237,2024-08-12,Summer Sale,Instagram,42459.0,1128.0,155.0,,,2.6566805624249277,13.741134751773048,,,,,80,Fair,True,False,False,False,False
1238,2024-10-15,Summer Sale,Email,19589.0,1503.0,208.0,,6786.545960460751,7.672673439175047,13.83898868928809,,,,,80,Fair,True,False,False,False,False
1239,2024-09-01,Holiday Promo,Google Ads,8214.0,,17.0,1214.684441239165,2027.341037486175,,,,71.45202595524499,1.6690269247360865,812.6565962470102,80,Fair,True,False,False,False,False
1240,2024-10-30,Holiday Promo,Google Ads,41080.0,1215.0,89.0,1225.424669945432,6769.59,2.9576436222005844,7.325102880658436,1.00857997526373,13.76881651624081,5.524280819563923,5544.165330054568,100,Good,False,False,False,False,False
1241,2024-11-07,Flash Sale,Google Ads,42914.0,,83.0,525.78,16219.178927557008,,,,6.3346987951807225,30.847843066600117,15693.398927557007,80,Fair,True,False,False,False,False
1242,2024-09-16,Back To School,Google Ads,13219.0,1025.0,37.0,1475.19,7012.16,7.753990468265376,3.6097560975609753,1.439209756097561,39.870000000000005,4.753394477999444,5536.969999999999,100,Good,False,False,False,False,False
1243,2024-09-25,Flashsale,Google Ads,48327.0,2229.0,307.0,1164.07,43765.63,4.612328512011919,13.772992373261554,0.5222386720502468,3.791758957654723,37.597077495339626,42601.56,100,Good,False,False,False,False,False
1244,2024-08-21,Holiday Promo,Google Ads,24524.0,1491.0,176.0,786.81,12493.258183302585,6.0797586038166695,11.804158283031523,0.5277062374245473,4.470511363636363,15.878367310154403,11706.448183302586,100,Good,False,False,False,False,False
1245,2024-08-22,Summer Sale,Instagram,4561.0,160.0,5.0,1733.05,679.8034078034243,3.508002631001973,3.125,10.8315625,346.61,0.3922583928931216,-1053.2465921965756,100,Good,False,False,False,False,False
1246,2024-08-20,Summer Sale,Facebook,14500.0,893.0,82.0,1242.8554551569869,,6.158620689655173,9.182530795072788,1.391775425707712,15.156773843377888,,,80,Fair,True,False,False,False,False
1247,2024-09-24,Summer Sale,Facebook,34763.0,1802.0,251.0,222.56,15892.59,5.183672295256451,13.92896781354051,0.12350721420643729,0.8866932270916335,71.40811466570813,15670.03,100,Good,False,False,False,False,False
1248,2024-10-18,Backtoschool,LinkedIn,47760.0,1065.0,23.0,1013.09,1389.1967930553956,2.229899497487437,2.15962441314554,0.9512582159624413,44.047391304347826,1.3712471676311044,376.10679305539554,100,Good,False,False,False,False,False
1249,2024-10-02,Backtoschool,Email,,305.0,22.0,611.4627521276659,2959.9139841909273,,7.213114754098362,2.004795908615298,27.79376146034845,4.840710204982255,2348.451232063261,80,Fair,True,False,False,False,False
1250,2024-08-17,Summer Sale,Google Ads,14773.0,1025.0,116.0,510.17,8529.67,6.938333446151764,11.317073170731708,0.4977268292682927,4.398017241379311,16.719270047239156,8019.5,100,Good,False,False,False,False,False
1251,2024-08-17,Summer Sale,Google Ads,28952.0,363.0,29.0,1151.440209862102,1193.9435923817773,1.2537993920972645,7.988980716253444,3.1720115974162586,39.7048348228311,1.0369132345350052,42.50338251967537,100,Good,False,False,False,False,False
1252,2024-09-30,Summer Sale,Instagram,49594.0,,68.0,,8939.5,,,,,,,80,Fair,True,False,False,False,False
1253,2024-09-08,Summer Sale,Email,41545.0,2257.0,0.0,226.07,34744.29,5.432663377061018,0.0,0.1001639344262295,,153.68819392223648,34518.22,80,Fair,True,False,False,False,False
1254,2024-08-22,Holiday Promo,Google Ads,26510.0,1109.0,97.0,1306.8659687203533,13631.259608808832,4.183327046397586,8.746618575293057,1.1784183667451338,13.472845038354158,10.430495502271118,12324.39364008848,100,Good,False,False,False,False,False
1255,2024-10-30,Summer Sale,Google Ads,10155.0,256.0,36.0,1583.37,1627.1953341510282,2.5209256523879864,14.0625,6.1850390625,43.982499999999995,1.0276785174349825,43.8253341510283,100,Good,False,False,False,False,False
1256,2024-09-26,Back To School,Google Ads,43563.0,1518.0,158.0,985.1850984207879,20431.598159422585,3.4846084980373253,10.408432147562582,0.6490020411204136,6.235348724182201,20.73884206345956,19446.413061001796,100,Good,False,False,False,False,False
1257,2024-10-24,Holiday Promo,Facebook,27144.0,1142.0,103.0,1885.86,,4.207191276156793,9.019264448336251,1.6513660245183888,18.309320388349512,,,80,Fair,True,False,False,False,False
1258,2024-10-11,New Product Launch,Google Ads,40051.0,722.0,71.0,612.8295788184987,9145.55,1.8027015555167163,9.833795013850416,0.8487944304965356,8.631402518570404,14.92348006052859,8532.7204211815,100,Good,False,False,False,False,False
1259,2024-10-15,Back To School,Google Ads,20623.0,560.0,22.0,362.7802053936406,1909.1932065071894,2.7154148281045436,3.9285714285714284,0.6478217953457868,16.49000933607457,5.262671937780034,1546.413001113549,100,Good,False,False,False,False,False
1260,2024-11-05,Summer Sale,Facebook,,1382.0,161.0,891.74,,,11.649782923299567,0.6452532561505065,5.5387577639751555,,,80,Fair,True,False,False,False,False
1261,2024-11-07,Back To School,Google Ads,23399.0,1452.0,165.0,650.718544112159,20168.253467064926,6.205393392880038,11.363636363636363,0.4481532672948753,3.9437487521949026,30.993820061763433,19517.534922952767,100,Good,False,False,False,False,False
1262,2024-10-29,Flash Sale,Facebook,21530.0,1325.0,3975.0,1854.86,19942.18361693736,6.154203437064561,300.0,1.3998943396226415,0.46663144654088046,10.751314717519037,18087.32361693736,70,Fair,False,True,False,True,False
1263,2024-09-25,Back To School,Facebook,46543.0,,165.0,271.44,23787.63,,,,1.6450909090909092,87.63494694960212,23516.190000000002,80,Fair,True,False,False,False,False
1264,2024-08-18,Holiday Promo,Google Ads,2062.0,33.0,2.0,162.24,246.84,1.600387972841901,6.0606060606060606,4.916363636363637,81.12,1.5214497041420119,84.6,100,Good,False,False,False,False,False
1265,2024-10-21,Flash Sale,LinkedIn,49747.0,2666.0,82.0,150.77935627878503,9867.08,5.359117132691418,3.075768942235559,0.056556397703970376,1.8387726375461588,65.44052344776006,9716.300643721215,100,Good,False,False,False,False,False
1266,2024-09-15,Flashsale,Facebook,,2371.0,212.0,979.41,36582.52,,8.941374947279629,0.4130788696752425,4.619858490566037,37.35158922208268,35603.10999999999,80,Fair,True,False,False,False,False
1267,2024-09-27,Holiday Promo,Facebook,33154.0,2058.0,50.0,1161.28,7980.89882879587,6.207395789346686,2.4295432458697768,0.5642759961127308,23.2256,6.872501747034195,6819.61882879587,100,Good,False,False,False,False,False
1268,2024-09-21,Summer Sale,Google Ads,18312.0,469.0,68.0,73.70122564514186,13251.8,2.5611620795107033,14.498933901918976,0.15714547045872465,1.0838415536050274,179.8043368207339,13178.098774354858,100,Good,False,False,False,False,False
1269,2024-08-15,New Product Launch,Instagram,5324.0,419.0,14.0,825.8184181391962,2727.34,7.870022539444027,3.341288782816229,1.9709270122653846,58.98702986708544,3.3025904243519695,1901.521581860804,100,Good,False,False,False,False,False
1270,2024-08-15,Backtoschool,Google Ads,28480.0,865.0,86.0,322.01,6851.1547615848895,3.0372191011235956,9.942196531791907,0.3722658959537572,3.7443023255813954,21.27621738947514,6529.144761584889,100,Good,False,False,False,False,False
